{
  "__type__": "cc.SpriteFrame",
  "content": {
    "name": "login3",
    "atlas": "",
    "rect": {
      "x": 26,
      "y": 269,
      "width": 747,
      "height": 263
    },
    "offset": {
      "x": -0.5,
      "y": -0.5
    },
    "originalSize": {
      "width": 800,
      "height": 800
    },
    "rotated": false,
    "capInsets": [
      0,
      0,
      0,
      0
    ],
    "vertices": {
      "rawPosition": [
        -373.5,
        -131.5,
        0,
        373.5,
        -131.5,
        0,
        -373.5,
        131.5,
        0,
        373.5,
        131.5,
        0
      ],
      "indexes": [
        0,
        1,
        2,
        2,
        1,
        3
      ],
      "uv": [
        26,
        531,
        773,
        531,
        26,
        268,
        773,
        268
      ],
      "nuv": [
        0.0325,
        0.335,
        0.96625,
        0.335,
        0.0325,
        0.66375,
        0.96625,
        0.66375
      ],
      "minPos": {
        "x": -373.5,
        "y": -131.5,
        "z": 0
      },
      "maxPos": {
        "x": 373.5,
        "y": 131.5,
        "z": 0
      }
    },
    "texture": "e79146fd-161e-4298-8ce9-c16c528fd353@6c48a",
    "packable": true,
    "pixelsToUnit": 100,
    "pivot": {
      "x": 0.5,
      "y": 0.5
    },
    "meshType": 0
  }
}