{
  "__type__": "cc.SpriteFrame",
  "content": {
    "name": "enemytankrightanddown",
    "atlas": "",
    "rect": {
      "x": 0,
      "y": 0,
      "width": 905,
      "height": 897
    },
    "offset": {
      "x": -0.5,
      "y": 0
    },
    "originalSize": {
      "width": 906,
      "height": 897
    },
    "rotated": false,
    "capInsets": [
      0,
      0,
      0,
      0
    ],
    "vertices": {
      "rawPosition": [
        -452.5,
        -448.5,
        0,
        452.5,
        -448.5,
        0,
        -452.5,
        448.5,
        0,
        452.5,
        448.5,
        0
      ],
      "indexes": [
        0,
        1,
        2,
        2,
        1,
        3
      ],
      "uv": [
        0,
        897,
        905,
        897,
        0,
        0,
        905,
        0
      ],
      "nuv": [
        0,
        0,
        0.9988962472406181,
        0,
        0,
        1,
        0.9988962472406181,
        1
      ],
      "minPos": {
        "x": -452.5,
        "y": -448.5,
        "z": 0
      },
      "maxPos": {
        "x": 452.5,
        "y": 448.5,
        "z": 0
      }
    },
    "texture": "b86bd58b-f3df-46e7-92d1-a92ac4832f86@6c48a",
    "packable": true,
    "pixelsToUnit": 100,
    "pivot": {
      "x": 0.5,
      "y": 0.5
    },
    "meshType": 0
  }
}