{
  "__type__": "cc.SpriteFrame",
  "content": {
    "name": "carrot1",
    "atlas": "",
    "rect": {
      "x": 9,
      "y": 11,
      "width": 32,
      "height": 18
    },
    "offset": {
      "x": 0,
      "y": -5
    },
    "originalSize": {
      "width": 50,
      "height": 30
    },
    "rotated": false,
    "capInsets": [
      0,
      0,
      0,
      0
    ],
    "vertices": {
      "rawPosition": [
        -16,
        -9,
        0,
        16,
        -9,
        0,
        -16,
        9,
        0,
        16,
        9,
        0
      ],
      "indexes": [
        0,
        1,
        2,
        2,
        1,
        3
      ],
      "uv": [
        9,
        19,
        41,
        19,
        9,
        1,
        41,
        1
      ],
      "nuv": [
        0.18,
        0.03333333333333333,
        0.82,
        0.03333333333333333,
        0.18,
        0.6333333333333333,
        0.82,
        0.6333333333333333
      ],
      "minPos": {
        "x": -16,
        "y": -9,
        "z": 0
      },
      "maxPos": {
        "x": 16,
        "y": 9,
        "z": 0
      }
    },
    "texture": "c37dddcb-8470-4f4d-95b2-faa49e1e6fb7@6c48a",
    "packable": true,
    "pixelsToUnit": 100,
    "pivot": {
      "x": 0.5,
      "y": 0.5
    },
    "meshType": 0
  }
}