{
  "__type__": "cc.SpriteFrame",
  "content": {
    "name": "enemytankleftanddown",
    "atlas": "",
    "rect": {
      "x": 0,
      "y": 0,
      "width": 897,
      "height": 905
    },
    "offset": {
      "x": 0,
      "y": 0.5
    },
    "originalSize": {
      "width": 897,
      "height": 906
    },
    "rotated": false,
    "capInsets": [
      0,
      0,
      0,
      0
    ],
    "vertices": {
      "rawPosition": [
        -448.5,
        -452.5,
        0,
        448.5,
        -452.5,
        0,
        -448.5,
        452.5,
        0,
        448.5,
        452.5,
        0
      ],
      "indexes": [
        0,
        1,
        2,
        2,
        1,
        3
      ],
      "uv": [
        0,
        906,
        897,
        906,
        0,
        1,
        897,
        1
      ],
      "nuv": [
        0,
        0.0011037527593818985,
        1,
        0.0011037527593818985,
        0,
        1,
        1,
        1
      ],
      "minPos": {
        "x": -448.5,
        "y": -452.5,
        "z": 0
      },
      "maxPos": {
        "x": 448.5,
        "y": 452.5,
        "z": 0
      }
    },
    "texture": "5994b3e2-8be6-4afe-8b42-287049b5f588@6c48a",
    "packable": true,
    "pixelsToUnit": 100,
    "pivot": {
      "x": 0.5,
      "y": 0.5
    },
    "meshType": 0
  }
}